ADDRESS,LOCATION
401 CHARLES E YOUNG DR W,DYKSTRA HALL
520 PORTOLA PZ,MATHEMATICAL SCIENCES BUILDING
900 WEYBURN PL,TIPUANA
725 WEYBURN TER,CYPRESS COURT
430 CHARLES E YOUNG DR W,WASSERMAN FOOTBALL CENTER
11000 WEYBURN DR,PASEO WEYBURN TERRACE
305 DE NEVE DR,SOUTHERN REGIONAL LIBRARY
607 CHARLES E YOUNG DR E,MOLECULAR SCIENCES
765 WEYBURN TER,MAGNOLIA COURT
250 DE NEVE DR,HEDRICK HALL
250 DE NEVE DR,HEDRICK HALL
10995 LE CONTE AVE,GAYLEY HEIGHTS APARTMENTS
607 CHARLES E YOUNG DR E,YOUNG HALL
351 CHARLES E YOUNG DR W,DE NEVE PODIUM BUILDING
757 WESTWOOD PZ,RONALD REAGAN UCLA MEDICAL CENTER
325 WESTWOOD PZ,JAMES WEST ALUMNI CENTER
380 DE NEVE DR,SPROUL LANDING
351 CHARLES E YOUNG DR W,DE NEVE PODIUM BUILDING
250 DE NEVE DR,HEDRICK HALL
920 WEYBURN PL,LAUREL
920 WEYBURN PL,LAUREL
430 PORTOLA PZ,PHYSICS AND ASTRONOMY BUILDING
475 PORTOLA PZ,KNUDSEN HALL
250 DE NEVE DR,HEDRICK HALL
250 DE NEVE DR,HEDRICK HALL
250 DE NEVE DR,HEDRICK HALL
757 WESTWOOD PZ,RONALD REAGAN UCLA MEDICAL CENTER
250 DE NEVE DR,HEDRICK HALL
240 CHARLES E YOUNG DR N,BROAD ART CENTER
250 DE NEVE DR,HEDRICK HALL
380 DE NEVE DR,SPROUL LANDING
920 WEYBURN PL,LAUREL
445 CHARLES E YOUNG DR E,SCHOENBERG MUSIC BUILDING
100 MEDICAL PZ,MEDICAL PLAZA 100 MANOUKIAN MEDICAL BLDG
885 LEVERING AVE,LEVERING TERRACE
270 DE NEVE DR,RIEBER TERRACE
265 DE NEVE DR,CENTENNIAL HALL
200 MEDICAL PZ,MEDICAL PLAZA 200 PETER MORTON BUILDING
502 PORTOLA PZ,FRANZ HALL
757 WESTWOOD PZ,RONALD REAGAN UCLA MEDICAL CENTER
757 WESTWOOD PZ,RONALD REAGAN UCLA MEDICAL CENTER
240 DE NEVE DR,HEDRICK SUMMIT
757 WESTWOOD PZ,RONALD REAGAN UCLA MEDICAL CENTER
580 PORTOLA PZ,BOELTER HALL
900 WEYBURN PL,TIPUANA
757 WESTWOOD PZ,RONALD REAGAN UCLA MEDICAL CENTER
401 CHARLES E YOUNG DR W,DYKSTRA HALL
240 DE NEVE DR,HEDRICK SUMMIT
610 CHARLES E YOUNG DR E,TERASAKI LIFE SCIENCES BUILDING
910 WEYBURN PL,PALO VERDE
200 MEDICAL PZ,MEDICAL PLAZA 200 PETER MORTON BUILDING
1070 VETERAN AVE,PARKING STRUCTURE 32
221 WESTWOOD PZ,WOODEN CENTER
110 WESTWOOD PZ,ANDERSON SCHOOL OF MANAGEMENT
280 DE NEVE DR,RIEBER VISTA
607 CHARLES E YOUNG DR E,YOUNG HALL
200 MEDICAL PZ,MEDICAL PLAZA 200 PETER MORTON BUILDING
760 WESTWOOD PZ,SEMEL INSTITUTE
570 WESTWOOD PZ,CALIFORNIA NANOSYSTEMS INSTITUTE
420 WESTWOOD PZ,ENGINEERING 4
420 WESTWOOD PZ,ENGINEERING 4
580 PORTOLA PZ,BOELTER HALL
10745 DICKSON PZ,ROYCE HALL
337 CHARLES E YOUNG DR E,PUBLIC AFFAIRS BUILDING
570 WESTWOOD PZ,CALIFORNIA NANOSYSTEMS INSTITUTE
610 CHARLES E YOUNG DR E,TERASAKI LIFE SCIENCES BUILDING
475 GAYLEY AVE,WESTWOOD PALM APARTMENTS
580 PORTOLA PZ,BOELTER HALL
580 PORTOLA PZ,BOELTER HALL
580 PORTOLA PZ,BOELTER HALL
10833 LE CONTE AVE,CENTER FOR HEALTH SCIENCES
221 WESTWOOD PZ,WOODEN CENTER
336 CHARLES E YOUNG DR N,PARKING STRUCTURE 7
610 CHARLES E YOUNG DR E,TERASAKI LIFE SCIENCES BUILDING
757 WESTWOOD PZ,RONALD REAGAN UCLA MEDICAL CENTER
675 CHARLES E YOUNG DR S,PARKING STRUCTURE 9
100 MEDICAL PZ,MEDICAL PLAZA 100 MANOUKIAN MEDICAL BLDG
610 CHARLES E YOUNG DR E,TERASAKI LIFE SCIENCES BUILDING
351 CHARLES E YOUNG DR W,DE NEVE PLAZA
380 DE NEVE DR,SPROUL LANDING
425 WESTWOOD PZ,LUSKIN CONFERENCE CENTER
425 WESTWOOD PZ,LUSKIN CONFERENCE CENTER
757 WESTWOOD PZ,RONALD REAGAN UCLA MEDICAL CENTER
580 PORTOLA PZ,BOELTER HALL
580 PORTOLA PZ,BOELTER HALL
100 MEDICAL PZ,MEDICAL PLAZA 100 MANOUKIAN MEDICAL BLDG
757 WESTWOOD PZ,RONALD REAGAN UCLA MEDICAL CENTER
610 CHARLES E YOUNG DR E,TERASAKI LIFE SCIENCES BUILDING
351 CHARLES E YOUNG DR W,DE NEVE PLAZA
607 CHARLES E YOUNG DR E,YOUNG HALL
410 CHARLES E YOUNG DR E,MURPHY HALL
607 CHARLES E YOUNG DR E,YOUNG HALL
607 CHARLES E YOUNG DR E,YOUNG HALL
240 CHARLES E YOUNG DR N,BROAD ART CENTER
610 CHARLES E YOUNG DR E,TERASAKI LIFE SCIENCES BUILDING
635 CHARLES E YOUNG DR S,NEUROSCIENCE RESEARCH BUILDING
330 DE NEVE DR,COVEL COMMONS
330 DE NEVE DR,COVEL COMMONS
330 DE NEVE DR,COVEL COMMONS
757 WESTWOOD PZ,RONALD REAGAN UCLA MEDICAL CENTER
555 GLENROCK AVE,GLENROCK WEST APARTMENTS
714 TIVERTON AVE,SCHOOL OF DENTISTRY
765 WEYBURN TER,MAGNOLIA COURT
520 PORTOLA PZ,MATHEMATICAL SCIENCES BUILDING
502 PORTOLA PZ,FRANZ HALL
757 WESTWOOD PZ,RONALD REAGAN UCLA MEDICAL CENTER
337 CHARLES E YOUNG DR E,PUBLIC AFFAIRS BUILDING
251 CHARLES E YOUNG DR W,CARNESALE COMMONS
765 WEYBURN TER,MAGNOLIA COURT
380 DE NEVE DR,SPROUL LANDING
580 PORTOLA PZ,BOELTER HALL
417 CHARLES E YOUNG DR W,BRADLEY INTERNATIONAL HALL
401 CHARLES E YOUNG DR W,DYKSTRA HALL
221 WESTWOOD PZ,ARTHUR ASHE BUILDING
607 CHARLES E YOUNG DR E,YOUNG HALL
221 WESTWOOD PZ,WOODEN CENTER
824 HILGARD AVE,HILGARD APARTMENTS
10745 DICKSON PZ,ROYCE HALL
580 PORTOLA PZ,BOELTER HALL
280 DE NEVE DR,RIEBER VISTA
10833 LE CONTE AVE,CENTER FOR HEALTH SCIENCES
757 WESTWOOD PZ,RONALD REAGAN UCLA MEDICAL CENTER
715 GAYLEY AVE,GAYLEY COURT
240 CHARLES E YOUNG DR N,BROAD ART CENTER
270 DE NEVE DR,RIEBER TERRACE
270 DE NEVE DR,RIEBER TERRACE
280 DE NEVE DR,RIEBER VISTA
280 DE NEVE DR,RIEBER VISTA
110 WESTWOOD PZ,ANDERSON SCHOOL OF MANAGEMENT
280 DE NEVE DR,RIEBER VISTA
240 CHARLES E YOUNG DR N,BROAD ART CENTER
757 WESTWOOD PZ,RONALD REAGAN UCLA MEDICAL CENTER
10995 LE CONTE AVE,GAYLEY HEIGHTS APARTMENTS
420 WESTWOOD PZ,ENGINEERING 4
760 WESTWOOD PZ,SEMEL INSTITUTE
420 WESTWOOD PZ,ENGINEERING 4
200 MEDICAL PZ,MEDICAL PLAZA 200 PETER MORTON BUILDING
280 DE NEVE DR,RIEBER VISTA
3100 SAWTELLE BLVD,SAWTELLE APARTMENTS
325 DE NEVE DR,SAXON SUITES
607 CHARLES E YOUNG DR E,MOLECULAR SCIENCES
520 PORTOLA PL,MATHEMATICAL SCIENCES BUILDING
1070 VETERAN AVE,PARKING STRUCTURE 32
3270 SAWTELLE BLVD,SAWTELLE APARTMENTS
200 MEDICAL PL,MEDICAL PLAZA 200 PETER MORTON BUILDING
3100 SAWTELLE BLVD,SAWTELLE APARTMENTS
250 DE NEVE DR,HEDRICK HALL
520 PORTOLA PL,MATHEMATICAL SCIENCES BUILDING
3270 SAWTELLE BLVD,SAWTELLE APARTMENTS
475 GAYLEY AVE,WESTWOOD PALM APARTMENTS
520 PORTOLA PL,MATHEMATICAL SCIENCES BUILDING
925 WEYBURN TER,SYCAMORE COURT
425 WESTWOOD PL,LUSKIN CONFERENCE CENTER
920 WEYBURN PL,LAUREL
925 WEYBURN TER,SYCAMORE COURT
757 WESTWOOD PZ,RONALD REAGAN UCLA MEDICAL CENTER
640 CHARLES E YOUNG DR S,SCHOOL OF PUBLIC HEALTH
1000 VETERAN AVE,REHABILITATION CENTER
380 DE NEVE DR,SPROUL LANDING